RMS,Peak,Mean,Variance,Label
0.17673731086420008,0.2684068258868915,0.00036981337255029035,0.031235940289578386,Normal
0.17693547804429088,0.271209245218923,0.000590841458171736,0.03130581429713304,Normal
0.1768832516320675,0.274001325898946,0.00023406614658913838,0.03128762992097233,Normal
0.1769297878874524,0.27382584464674015,0.0002979219571882477,0.031304061084406316,Normal
0.17746078866897266,0.27570516063580003,-0.00021213210545215056,0.03149228651498361,Normal
0.17718467711037372,0.27286754344570946,0.00012408556855465912,0.03139439440547907,Normal
0.17716433205145146,0.28289478847026367,-0.00011610157314103664,0.031387187071661674,Normal
0.1776658613966126,0.2758137431797072,-0.00027894866500716544,0.03156508049344266,Normal
0.17743808521098312,0.27448098175740054,0.000754801377591624,0.031483704358220496,Normal
0.17710867375496256,0.27493509576049474,-0.0001362132213245475,0.03136746376520011,Normal
0.17701037338027917,0.2732284209025357,0.0003496092029577601,0.03133255005763105,Normal
0.17733261104669243,0.27678571857446044,-0.00046072276205250893,0.03144664267517403,Normal
0.17746163013965935,0.281014990566807,5.884426304241752e-05,0.03149262670917796,Normal
0.17672866287704517,0.27223985937368433,-1.6349417196256154e-05,0.03123302001500484,Normal
0.17677548230955661,0.2768896054647366,5.400382125813607e-05,0.03124956822936366,Normal
0.1778105398532114,0.2748047172434448,8.50955585791905e-05,0.03161658084163639,Normal
0.17746538650162572,0.2712467289645244,-0.0003483207024089253,0.03149384207885968,Normal
0.1775832804641455,0.2778412409353434,5.484157777481258e-05,0.03153581849280871,Normal
0.17703926162560313,0.2732222572343714,-0.00024375652335597342,0.031342840739696065,Normal
0.17797462062556493,0.2763914495921531,-0.00026247356272688114,0.03167489669444263,Normal
0.17698033732065532,0.26757422101146544,-0.0002890026544230021,0.031321956275598674,Normal
0.17692574073016443,0.27492200042475623,0.0004927278486782258,0.0313024749521845,Normal
0.17664201497270485,0.27337665831279634,1.5350962854134287e-05,0.031202401217965223,Normal
0.17675132873601598,0.27210980355598713,-3.678730583668333e-05,0.031241030856641323,Normal
0.1770091881030067,0.2863742724846038,-8.892125850649168e-05,0.0313322447658954,Normal
0.17660006953316948,0.2734436359131352,0.0004565560185901103,0.031187376115722185,Normal
0.17701159758582824,0.27078080902597984,-0.00022436551907978976,0.03133305534000104,Normal
0.1770360554867713,0.27227948883787906,0.00016727862592825636,0.03134173696017647,Normal
0.17695760192312718,0.27441821584078063,-0.0003147285168073116,0.03131389382434465,Normal
0.17721063989516458,0.2730776767752581,0.00018055171025202043,0.03140357829313362,Normal
0.17731242355807067,0.2801241645673707,0.00030925845486330975,0.03143959990724475,Normal
0.1773979841460047,0.28103103623297027,-0.00018040102224672295,0.03147001223453729,Normal
0.17694912503469268,0.2749341002019963,0.000275667683839859,0.0313109168578714,Normal
0.17713341215832867,0.2732063458573246,-0.00045469277538946474,0.031376038957332354,Normal
0.17738020496905735,0.27544404073844364,0.0005525515239547706,0.03146343180167817,Normal
0.17730154277801327,0.2728459398896311,-0.0005048818870200903,0.031435582165743825,Normal
0.17650031847398664,0.26823491754683826,-0.0004276917191891428,0.031152179501212043,Normal
0.17726862337725113,0.2734992756671983,-0.00020261028205733245,0.03142412378313931,Normal
0.17694396332832363,0.2705850764521076,-0.0006605124430660831,0.03130872988164769,Normal
0.17679814440321492,0.2811242429366778,0.00026025254511544637,0.0312575161330328,Normal
0.17717395543261072,0.27622923079235634,-6.78435525461365e-05,0.03139060588088911,Normal
0.17763564458661718,0.27502114232870734,0.0003809879217939792,0.031554277075906426,Normal
0.17743670272979334,0.26923307781215383,0.00016238637334494693,0.03148375710628681,Normal
0.17745519926167855,0.2687295140318844,0.00047830977148799117,0.03149011896476454,Normal
0.1775565674413695,0.2798284245548189,-0.000350414876030458,0.031526211850976246,Normal
0.1769819981546941,0.27132922216039496,0.0003647660069518092,0.031322494616588314,Normal
0.17684044584020123,0.2732995995085074,0.00041418230230186315,0.0312723717379816,Normal
0.1767522478918851,0.277537649800108,-0.00041524066808280304,0.031241184710021967,Normal
0.17703638540072358,0.2773452990630204,0.0007406941367358126,0.031341333127949345,Normal
0.17677901274735008,0.27208588250388016,-0.00027152462763886496,0.03125074562230435,Normal
0.17676486423336585,0.27028530199701445,-0.00046110400165173,0.031245604610539917,Normal
0.17751812699088487,0.28205642085183985,0.00033936919473410965,0.03151257023890159,Normal
0.17730812868406368,0.28099797547742905,0.00017624605836839312,0.031438141434771395,Normal
0.17706768454040606,0.27508391113868563,-0.00010668855340343186,0.03135295352605333,Normal
0.17697763294716082,0.2788584216162975,0.0002753315583608089,0.03132100675611295,Normal
0.17736038756468817,0.2757005359843954,0.0001460467868707198,0.031456685747432434,Normal
0.17693162813362953,0.2725031874722315,-6.514103769286072e-05,0.03130479679066217,Normal
0.17680987112327867,0.28040442495182083,0.00020085680469811905,0.03126169018317442,Normal
0.1777726967801058,0.2718897019259869,0.00023075817757243678,0.031603078471134916,Normal
0.17681306953133547,0.28169417176769207,0.00031053019292851913,0.03126276512809214,Normal
0.17726802763878474,0.27560101256234976,-0.0004348711083822603,0.031423764510064046,Normal
0.17710656082983378,0.26924476188209073,0.00029854960267147957,0.031366644757106356,Normal
0.17730495378948832,0.2868957137664236,-0.0004731928829349706,0.03143682272678813,Normal
0.17666977586869897,0.27226801346871593,-0.00016420350286246865,0.031212182742705975,Normal
0.17710330700269963,0.2734290712985331,-7.600473372563876e-05,0.03136557557457293,Normal
0.1769983172927996,0.2750185856353757,-4.0617784776567855e-05,0.031328402674678124,Normal
0.17661775180552,0.2839393218758245,-0.0002481008532733496,0.031193768698802873,Normal
0.1771709185714836,0.27510837047073866,0.00017048571372127054,0.03138950532208469,Normal
0.17710834045342624,0.28074684016159585,-0.00016346964274637277,0.031367337535842636,Normal
0.1769607928094411,0.27842415934146525,-0.00010511953951920439,0.031315111141628355,Normal
0.17735280311137813,0.27447298696517575,0.0005114306989914063,0.03145375521010339,Normal
0.1771333334618387,0.27295500985866034,0.0003237189893724739,0.031376113029318864,Normal
0.17703151010264723,0.2778420033996137,-0.0003851807496124976,0.03134000720501381,Normal
0.17679187205364455,0.27965613555049373,0.000564241112316499,0.0312550476561994,Normal
0.1768797159273031,0.27722547018594174,0.00033564034301306143,0.03128632125208359,Normal
0.1768350977062018,0.2789179308315473,-0.00021357291542263156,0.031270606167371734,Normal
0.17675259518040976,0.2725187612815521,-3.6512958122670746e-05,0.031241478569813692,Normal
0.17704821058711073,0.27343393147136197,-0.00010101728704955326,0.03134605866760563,Normal
0.17691705817258022,0.27265676612088396,0.00022832812518382882,0.03129959333870738,Normal
0.17713527377039148,0.27085723277438967,-0.0002827962121295545,0.03137682524001395,Normal
0.1768616421113595,0.26953832284956325,-0.00027759256643676057,0.03127996339269367,Normal
0.1777913763451139,0.2798334607545855,-0.00020975048098997496,0.03160972950742566,Normal
0.17701493937597584,0.28264644411072126,0.00020017834531180155,0.03133424869091048,Normal
0.1773914575792648,0.2737386630993491,-0.00036535307356504675,0.03146759573922774,Normal
0.17703106856841802,0.27897079686448123,0.0005509261372132797,0.031339695718867265,Normal
0.17719857673347925,0.28421404614374635,0.0007818201042717201,0.03139872435369529,Normal
0.177382183933448,0.27525391495457624,0.00010265239022287903,0.03146442863948636,Normal
0.17661085368692142,0.2802941987039848,0.0006776122550433014,0.031190934481654976,Normal
0.1767271297100729,0.27277118748551055,-0.0003842679685648095,0.03123233071368927,Normal
0.1765863432792004,0.27502444384359254,-0.000475385113232362,0.03118251064171372,Normal
0.17696769406516094,0.27774158649441744,-0.000334712384211433,0.03131745271036025,Normal
0.17712458268763528,0.27251705514498115,6.480637354465746e-05,0.0313731135924029,Normal
0.1767221330504679,0.27006641440643975,0.00036961721415367974,0.031230575693022285,Normal
0.17719634265227655,0.2709646382708131,-0.00018124793763879475,0.031398510998528105,Normal
0.1768349953224444,0.2850744307218875,-0.0005023125741758732,0.031270363252766754,Normal
0.17712193140472843,0.27362987437921776,0.00047112060602641997,0.0313719566299159,Normal
0.1772425494915272,0.27930951515247243,6.180733098500446e-05,0.0314149175301103,Normal
0.17706975365638428,0.2751237023057957,-0.0003735374735880569,0.03135355812968844,Normal
0.17708977827033495,0.2728071507309135,0.00018943470499639415,0.03136075368232894,Normal
0.1772228554705095,0.27232108318256854,-0.0002228627652625136,0.03140789083330896,Normal
0.1772180589345716,0.28139874601520376,0.00017991711203393167,0.03140620804237009,Normal
0.17717682381659977,0.27328695807739334,-1.5992375160228335e-05,0.031391626641982376,Normal
0.17699700823495532,0.2709196047471737,-0.00040587547939700797,0.031327776189220065,Normal
0.17686714560012481,0.2805132769406379,-0.0002208685301888079,0.03128193840982812,Normal
0.17675972189888436,0.27092191623282275,0.00013010329897808888,0.031243982358902536,Normal
0.17760795912528368,0.2817497822579006,-0.00010997027552312644,0.031544575051186935,Normal
0.17707377887574402,0.2783910267980581,0.00048607538976152377,0.03135488689605136,Normal
0.17667766686188244,0.2729024484831178,6.198306599890834e-05,0.031214994125857837,Normal
0.17696816573955013,0.28263531490048854,-0.0006360427834387132,0.03131732713479852,Normal
0.1766382900853023,0.26966971241631627,-0.0002656912626869521,0.031201014932412337,Normal
0.17755646268011382,0.2859154029590215,0.0001349259854680227,0.03152627923445309,Normal
0.1771192095793606,0.26884584540991546,0.00044470589995312254,0.03137101663868,Normal
0.17672814120642077,0.27999541091677765,0.00017447413678393876,0.03123280545305219,Normal
0.17721550260769048,0.2724046525294202,-0.000519667239016962,0.031405064310457045,Normal
0.17703031445560485,0.27666486211563274,3.3182797567329e-05,0.03133973113515228,Normal
0.17682430288170384,0.2733921913786017,-7.352446462771778e-06,0.03126683403554206,Normal
0.1771762388122362,0.2797634915794284,-2.4177335039214043e-05,0.031391419015107024,Normal
0.17704137915616838,0.2740457057832402,-0.0006706334584897322,0.03134320018428253,Normal
0.17715356767673218,0.2720386539641172,0.0001696578850956575,0.03138335775679656,Normal
0.1771604945318286,0.2761212563289535,-1.4374353489064573e-05,0.03138584061614004,Normal
0.1773662926427503,0.2750088245653155,0.0001945039547606443,0.03145876393404533,Normal
0.1773776434455917,0.2673944891450726,0.00021658759574353503,0.03146278148412483,Normal
0.17702803766816394,0.2793260384073199,0.00012080269690323564,0.031338911527349286,Normal
0.17732951897130428,0.2773149400880758,0.00017411820658806777,0.0314457279814443,Normal
0.17751639271386338,0.2755682576377078,-3.639985711706195e-05,0.03151206835719297,Normal
0.177005703432406,0.26962383842386684,-6.287511458431782e-05,0.03133101509432083,Normal
0.1768505574241827,0.2674890328488627,0.00024530452320448734,0.03127605948693504,Normal
0.17739440121285033,0.282357921538318,8.860996340752458e-05,0.031468765729940104,Normal
0.1771264455672135,0.27436240498799447,-0.0002694848606401094,0.03137370509718492,Normal
0.1767917876715292,0.2732200476490648,-0.0009639390885378003,0.031254407009528654,Normal
0.17709347334461634,0.2723571390711033,-0.0001831873568001019,0.03136206474365265,Normal
0.17696620293843035,0.2734918335831637,-0.00036767788036430414,0.031316901795422,Normal
0.17643029594449072,0.2710191387445114,-2.187757734111595e-05,0.03112764884843219,Normal
0.1766613744172738,0.2783954647478531,-0.00016523998506414228,0.031209213906747545,Normal
0.1768469118851902,0.26665722357982413,0.0004689866068676263,0.03127461029489081,Normal
0.17669093828973761,0.27131760584770764,-0.00022953796596658448,0.031219634986030045,Normal
0.1771273575979123,0.27257581994779634,5.197158984103223e-06,0.03137410078260823,Normal
0.17641286913837467,0.27170749919085685,-0.00034908884419200737,0.031121378534612172,Normal
0.17708415081803774,0.26958989942030126,-0.0006639420986151167,0.03135835565183522,Normal
0.17710644934578196,0.27681931411417926,0.0005417295119153795,0.03136640092900595,Normal
0.17725997334107257,0.2687499012130354,0.0002737326555462507,0.03142102321931105,Normal
0.1771581218570848,0.28415058141209515,0.000572821806246092,0.031384672015107994,Normal
0.17695657571073165,0.2746312723773039,-0.0004303985079164163,0.031313444444392276,Normal
0.1766724680078206,0.2740099087806446,-0.00012138488770639255,0.03121314621768343,Normal
0.176439974968609,0.2766616663017108,0.00031417986631983373,0.031130966057934976,Normal
0.17699533156168973,0.2796105497360427,0.0001296141766437553,0.0313273305947977,Normal
0.17782889559833462,0.2729296173802296,0.00010349673005305521,0.031623105398150254,Normal
0.17713877156010163,0.2767824169534953,0.0001333378729994289,0.03137812661083349,Normal
0.1767593748922534,0.2743973717932114,0.0005761822328587877,0.031243544626334725,Normal
0.17706565119050652,0.2787184158741402,0.00025210505342899747,0.031352181274560166,Normal
0.17706067574664183,0.2717615817837103,0.0003214005786854544,0.03135037959752546,Normal
0.17753013106587084,0.27645896357400274,-0.0004917516591865896,0.03151670561657097,Normal
0.17692875375167547,0.2819557550998358,-0.0002132892183623477,0.031303738411830345,Normal
0.1769710139558661,0.2771800883602711,0.00023133272057842446,0.03131868626573974,Normal
0.17671516815268623,0.2844555301202996,-0.0005704158968522175,0.031227925280936795,Normal
0.17750593443837528,0.27741195308003447,0.00022700145205173118,0.03150830523118155,Normal
0.17693203218848508,0.2785082283075553,-0.00029069394674872875,0.031304859511376446,Normal
0.1773418799605409,0.27075692718163036,0.00019072274483283698,0.0314501060127735,Normal
0.1771846827121812,0.27362750684818066,-4.892563268892203e-05,0.03139440939409879,Normal
0.17662557878382074,0.2744564116803126,-0.0001089463833714005,0.03119658321140522,Normal
0.17707018053163454,0.2756790452798574,0.000382540311746541,0.03135370249641553,Normal
0.1765005463559528,0.28175305854954824,-1.990196879610756e-05,0.031152442467861478,Normal
0.17680167921247,0.27158248153916265,-0.00042245719435695273,0.03125865530226809,Normal
0.17749355353861365,0.27425916649114096,-0.0004900378571770234,0.03150372141066325,Normal
0.17681767707856128,0.2754417119430146,0.0002752720386251461,0.031264415152763125,Normal
0.17755178405241498,0.2717601468443726,-0.00011548644073106095,0.031524622683077416,Normal
0.1768846199517725,0.2748113676331463,-0.00016196093871406693,0.03128814254413732,Normal
0.17678301358419857,0.2687812622452592,0.00032905296149971517,0.03125212561605946,Normal
0.17698843993504937,0.2749137993725945,-0.0002863944645428154,0.03132482584885326,Normal
0.1769900175253612,0.2749339354119204,-0.0004369944538331155,0.03132527533947498,Normal
0.17713114864299037,0.2866260706948214,2.7208348201244735e-05,0.03137544307929094,Normal
0.17648938529438002,0.2846088397624329,0.0004457721536037344,0.031148304408775196,Normal
0.1774805256320252,0.2743217186385857,0.0004112050421474719,0.03149916788903327,Normal
0.1770535152127533,0.2752290593834993,0.000878199119775407,0.03134717601549869,Normal
0.17737101961066284,0.2712245814384749,3.8986879843385224e-05,0.03146047707774935,Normal
0.1769668362005077,0.2716189594258489,-7.661184602131277e-06,0.03131726105612358,Normal
0.1770664877902032,0.27911243839471817,-0.0003459060818270844,0.03135242144734074,Normal
0.17645994072713175,0.27220626466785114,-8.951532381263782e-05,0.03113810266842965,Normal
0.17689980858510573,0.27982892424133254,-0.0005854129064086092,0.03129319956917606,Normal
0.17665756891312734,0.28666082713937574,0.00010358819345423353,0.031207885923782513,Normal
0.17687954336292866,0.2778701613204255,0.00020026665403813704,0.03128633275354544,Normal
0.1770426411335874,0.27122569806796315,-0.00010088177584216463,0.03134408660242351,Normal
0.17707286132469618,0.27223047845155324,-0.0001940550593289436,0.03135476056034903,Normal
0.1772705067745362,0.2738761419586729,0.00034204178480171674,0.031424715579518335,Normal
0.17673995325700265,0.27805899140090307,-0.0005377495038693709,0.03123672190275857,Normal
0.17730187031853506,0.27407516392184994,0.00010241172918286179,0.031435942730288345,Normal
0.1767271236794673,0.27361536145628096,0.00011089982268342546,0.03123246394524706,Normal
0.177286761846311,0.27326400035273907,2.3272978536874268e-05,0.03143059538431907,Normal
0.17695559604362562,0.26812963455159555,-6.497457367704306e-05,0.03131327874945959,Normal
0.1768224850243341,0.27375343457687384,0.00022122991425006672,0.031266142267505896,Normal
0.177266141073826,0.272490127433432,-0.00021197311221886185,0.03142323983860528,Normal
0.1768845818861774,0.2794537616409699,-0.0007930886645904551,0.031287526319417905,Normal
0.17707038481513618,0.2704859119155351,-0.00017504410802990134,0.03135389053814066,Normal
0.17715504029540802,0.27514630575250554,-0.00013505948847294036,0.03138389006100221,Normal
0.17768012276605602,0.27724823513488694,0.0002310860071707549,0.03157017262541803,Normal
0.17704367552334585,0.2741527016869758,-0.0001899825417613009,0.0313444269494496,Normal
0.17691592673714093,0.279271621136012,0.0003497407076569242,0.03129912281469883,Normal
0.17704786915755805,0.27456198066218995,0.00012552451453713665,0.03134593221682804,Normal
0.1773952323309561,0.2789853126807742,0.00023284352055402647,0.031469014237648835,Normal
0.17731331435800837,0.2801707882193207,0.0002740286051624622,0.03143993635694545,Normal
0.0020150330361789577,0.0072985603739807395,-1.568618735675068e-05,4.060112080418798e-06,Line_Cut
0.0020132128963913716,0.0068155778519751065,-9.78091955663083e-05,4.043459527459208e-06,Line_Cut
0.001939897977625478,0.008257937106011198,7.247825404387688e-05,3.7579510662861714e-06,Line_Cut
0.0019408022249068982,0.006875531772774984,-2.7433895738742636e-05,3.7659606575681617e-06,Line_Cut
0.0019433464510884234,0.006095321262661882,3.5631647720560006e-05,3.7753258146386878e-06,Line_Cut
0.002065627519524684,0.006699669983599975,0.00016044459456900044,4.241074581491288e-06,Line_Cut
0.0019422858536018283,0.0068777769517486265,0.00011397257040975532,3.7594845902959766e-06,Line_Cut
0.001997037593318099,0.0070608955819842605,-6.0180087887511264e-05,3.984537506147598e-06,Line_Cut
0.0020068935101197746,0.007430459918377724,3.4212110165946905e-05,4.026451092478864e-06,Line_Cut
0.002001835042095598,0.006648184145208212,4.4567639119076905e-05,4.005357261305236e-06,Line_Cut
0.0020407346845502986,0.00620008556560658,7.881009767563192e-05,4.158387021230965e-06,Line_Cut
0.001999278646772907,0.006880170996195363,1.0189734868293096e-05,3.99701127674542e-06,Line_Cut
0.0020277910136345017,0.006112403704160945,-9.393982768980522e-06,4.111848148064576e-06,Line_Cut
0.0019752123095719528,0.006198139007631135,6.946604517107808e-05,3.896638136452857e-06,Line_Cut
0.0020263873246015016,0.007105136714566031,-0.00013367159778296872,4.088377493251781e-06,Line_Cut
0.001978889215543,0.006105210938358908,0.0001251583350627417,3.900337918556711e-06,Line_Cut
0.001985255154611793,0.00697105481042493,4.942924215113524e-05,3.938794778933057e-06,Line_Cut
0.0019806842611394294,0.00795612088439122,2.9512722399090774e-05,3.922239141542041e-06,Line_Cut
0.0019540239983664846,0.006042717390478445,-3.331311944332011e-05,3.817100022265097e-06,Line_Cut
0.002024570236134131,0.006966052310751965,0.00012013922207006325,4.084451208360613e-06,Line_Cut
0.0019843552437625537,0.007185400620241227,-5.3665207304915464e-05,3.934785778972865e-06,Line_Cut
0.00197292850154287,0.006299836688859908,-6.809394290780528e-06,3.892400504349587e-06,Line_Cut
0.0019650612980331244,0.007145825892569732,-8.89063237916517e-05,3.853561570617483e-06,Line_Cut
0.0019424709036074523,0.006187116653590937,5.7222666574376745e-05,3.7699187777916704e-06,Line_Cut
0.001954594498134237,0.007911086659772595,5.829906255484621e-05,3.817040871441855e-06,Line_Cut
0.001981621812803326,0.005864800109002795,-3.273211582838188e-05,3.92575361757134e-06,Line_Cut
0.0020216909776730007,0.0064963990800169045,4.3284215094588477e-05,4.0853608859280595e-06,Line_Cut
0.002021769538624532,0.006170507195745302,6.76753162619145e-05,4.082972118878904e-06,Line_Cut
0.0019770398614856297,0.006436243698347615,2.6032653847318123e-05,3.908008914836783e-06,Line_Cut
0.001982150158130527,0.0067699028246270354,-7.511089982599356e-05,3.923277602104203e-06,Line_Cut
0.0019476352551675352,0.006360576113038574,3.514155894031989e-05,3.7920481580067537e-06,Line_Cut
0.002058856764545113,0.006407850626669454,1.1393382272333362e-05,4.238761367753568e-06,Line_Cut
0.0019749256280613145,0.006369248090505026,-0.00010568189626731502,3.889162573174723e-06,Line_Cut
0.0019932793924174524,0.007408709548932482,4.034505438359835e-06,3.973146459001956e-06,Line_Cut
0.0020119703731313826,0.006512294095173715,6.912717309155796e-05,4.043246216298806e-06,Line_Cut
0.002061990581899363,0.005629789965319333,-0.00013236158531897284,4.234285570573521e-06,Line_Cut
0.002005513531840734,0.006452342669598466,5.061964130025913e-05,4.019522178310928e-06,Line_Cut
0.001942863131627226,0.006359117453298684,1.7111448633136828e-05,3.7744243465620274e-06,Line_Cut
0.0021050955060596395,0.007314442334033545,-0.00015758749322470578,4.406593271611642e-06,Line_Cut
0.00203038790249479,0.0065484145106871955,8.189380903271607e-07,4.122474363937597e-06,Line_Cut
0.002079846286381233,0.007238650079334039,2.779358131712035e-05,4.324988091811376e-06,Line_Cut
0.001993480063362611,0.006944530727499811,-1.7262927698811415e-05,3.973664754351465e-06,Line_Cut
0.0019687782571653307,0.006284025939901671,0.00010018075067180005,3.866051643081792e-06,Line_Cut
0.00199199213506446,0.007261229026190119,-3.1588769837346334e-06,3.968022687654869e-06,Line_Cut
0.002011701575174323,0.007148590627799594,-1.1968733157595314e-05,4.046799976985455e-06,Line_Cut
0.002035724546389636,0.007496852243352334,6.397964076361909e-05,4.140081034341046e-06,Line_Cut
0.0019408328752141678,0.006711061392490539,-0.00010247384073591412,3.7563313614769237e-06,Line_Cut
0.0018930542031696702,0.006437367749900202,-1.8686960823129457e-05,3.58330501363355e-06,Line_Cut
0.0019454448164937402,0.005545881282116999,-3.0379958254344864e-05,3.7838325921588265e-06,Line_Cut
0.0019419730449409377,0.0072867550588893585,-0.00010364242836325151,3.760517554320146e-06,Line_Cut
0.0019600382524758934,0.005478115228479908,-4.031213136975639e-05,3.840124883233181e-06,Line_Cut
0.0019350937439902981,0.006371107953363122,-3.0562563401507356e-05,3.7436537277487185e-06,Line_Cut
0.0020689361792604597,0.00592402774165085,-9.822864284762104e-05,4.2708480475771845e-06,Line_Cut
0.0019578810353680447,0.00700039757224857,-7.783642341245641e-05,3.8272396398442046e-06,Line_Cut
0.0021035015539801966,0.00649207294580184,6.96268616812946e-05,4.419870887729516e-06,Line_Cut
0.0019337935667266327,0.0074414384232236366,0.0001819327019317696,3.7064580506811183e-06,Line_Cut
0.0020119006732478226,0.00704208657629488,9.428323465756213e-06,4.047655425731668e-06,Line_Cut
0.002034479023184322,0.006693989712327559,-2.6009140880972704e-05,4.138428420367667e-06,Line_Cut
0.0019365429947525831,0.005704601988274878,6.98214700870351e-06,3.7501500201484523e-06,Line_Cut
0.001982769898261343,0.0066909793693523,0.00011034495109039597,3.9192004612201544e-06,Line_Cut
0.001957808865973412,0.006226405371383288,-1.694666729741405e-05,3.832728366151607e-06,Line_Cut
0.0020078662728534335,0.006804134963361544,-6.160197826746096e-05,4.027732165935874e-06,Line_Cut
0.0020426669138388052,0.006618829755251643,0.00011773264320745602,4.158627145615134e-06,Line_Cut
0.0020268403025670697,0.008135073064371138,2.111256807341664e-05,4.107635871579517e-06,Line_Cut
0.0020507376813925617,0.006133805950806096,9.817222381004088e-05,4.195887252355532e-06,Line_Cut
0.002037296882202063,0.006439601016472626,-0.00012011629980008944,4.1361506607525825e-06,Line_Cut
0.001969094813005428,0.006406505095389977,2.1481267951668483e-05,3.876872937732071e-06,Line_Cut
0.001989654381703335,0.007725986710225514,-3.920401870358234e-06,3.9587091890804555e-06,Line_Cut
0.0019037217642309794,0.00639462840948021,7.757050436829757e-05,3.618139372458761e-06,Line_Cut
0.0019821703164537453,0.006487677530716592,-2.1843345711818795e-05,3.9285220316784545e-06,Line_Cut
0.0020220474548576627,0.0070796585418453,-9.038473248303142e-05,4.080506509830322e-06,Line_Cut
0.0019551536848788726,0.006371134016719088,-8.168968144270418e-06,3.822559199454892e-06,Line_Cut
0.0020277294716604033,0.006610627857832324,-8.956243294085169e-05,4.103665380845894e-06,Line_Cut
0.0020159672339214343,0.007848453143541783,-1.0143243303505362e-05,4.064021002860125e-06,Line_Cut
0.002020184735215673,0.005848711992170859,-5.119275178704466e-05,4.078525666562888e-06,Line_Cut
0.002099750550098457,0.007968211918881533,5.874732430023925e-05,4.405501124526335e-06,Line_Cut
0.0019815014817403504,0.006758486409109073,3.212711271917088e-05,3.9253159707675334e-06,Line_Cut
0.0019239949157434165,0.006664754428536668,6.144907931372471e-05,3.697980446458012e-06,Line_Cut
0.0019673274866833894,0.006547150271732617,-1.0800130997449114e-05,3.870260797030419e-06,Line_Cut
0.0020118411472441213,0.006318654297812872,3.534231821458947e-05,4.046255722287761e-06,Line_Cut
0.001964086537285117,0.0061226705325466155,3.010617666075875e-05,3.856729544071512e-06,Line_Cut
0.001998698580171459,0.006702103906913919,-0.00012181610386730854,3.979956851217997e-06,Line_Cut
0.0019894230327032613,0.00619325161487964,8.665575538049008e-05,3.9502947831096776e-06,Line_Cut
0.002007026911644175,0.005974895040524735,3.888587586282367e-05,4.0266449127223344e-06,Line_Cut
0.002049627307791117,0.005917460123670081,3.512548075286014e-05,4.199738301444941e-06,Line_Cut
0.0019326818748195195,0.007375762179766193,-4.628780122744943e-05,3.733116668713421e-06,Line_Cut
0.0019246542874208892,0.0076135319585199585,-5.677227257207504e-05,3.701071035154613e-06,Line_Cut
0.0019991152182632283,0.0070259648042456215,-3.626577678446505e-05,3.995146449325854e-06,Line_Cut
0.002093703207242378,0.00722165501008679,6.209198046932105e-05,4.3797377059784176e-06,Line_Cut
0.0019492590401404511,0.007113317607740879,-7.453266280963092e-05,3.794055687743779e-06,Line_Cut
0.0020229519273415415,0.00797842298295742,4.8721613512280715e-05,4.089960704711616e-06,Line_Cut
0.0020142255398876447,0.006727636078929166,1.1092021207809638e-05,4.0569814926012e-06,Line_Cut
0.0019499299589433826,0.008527299530771509,-0.00010745334020904052,3.7906806244628616e-06,Line_Cut
0.001960694880243477,0.006047969356217401,-2.0387341292574046e-05,3.843908769728003e-06,Line_Cut
0.0019924006326265203,0.006175544859328697,0.00010193140348525862,3.959270269874084e-06,Line_Cut
0.00198290797870892,0.0074140339352456305,8.678983894847792e-05,3.924391575882792e-06,Line_Cut
0.0020848576054283696,0.00677009155389972,-7.529905303732315e-06,4.3465745354386314e-06,Line_Cut
0.0019489314203152655,0.006756458336981597,4.032214282378682e-05,3.7967078058901764e-06,Line_Cut
0.0019571206174125114,0.00798684306306231,5.3646185598212764e-05,3.827443197871892e-06,Line_Cut
0.002056003059902835,0.007329567244806811,5.4999549151744734e-05,4.224123631922925e-06,Line_Cut
0.0019754767372816167,0.006542484835824421,4.1779785865053704e-05,3.900762789033893e-06,Line_Cut
0.0019785994847392554,0.006604083272372915,5.2089413249316835e-05,3.912142614037789e-06,Line_Cut
0.0020467657888894953,0.0067236524736113985,-1.4909201804469739e-05,4.189027910269991e-06,Line_Cut
0.002003088172423922,0.007218073141428422,3.149102314346441e-05,4.011370541965986e-06,Line_Cut
0.0019381165388504822,0.005914407899815889,5.33063934515382e-05,3.7534541465829616e-06,Line_Cut
0.002018617399976159,0.006431095192974987,-5.162706968588987e-05,4.072150853162157e-06,Line_Cut
0.001970703831513086,0.00639819784229333,0.00012652457421476692,3.867665123660129e-06,Line_Cut
0.0019852129571951197,0.0070865267783732635,-2.723742734918576e-05,3.940328607966788e-06,Line_Cut
0.002008134808593466,0.006673506705897484,-0.00011205366068367206,4.020049386612106e-06,Line_Cut
0.0019521444565733723,0.007153694800569924,-8.876656943790026e-05,3.8029884754803724e-06,Line_Cut
0.002038821917167271,0.006272173752926256,-5.311823419035235e-05,4.153973263118125e-06,Line_Cut
0.002060792165369416,0.0067833922725212565,1.9008166309600706e-05,4.246503038461514e-06,Line_Cut
0.001965783222595543,0.00583014115452187,-1.3854363969122727e-05,3.86411173483713e-06,Line_Cut
0.0019299066030207858,0.005858414225569723,-8.241157031460153e-05,3.7177478294615103e-06,Line_Cut
0.002036541984373128,0.008264725889889574,-1.9610186820548553e-06,4.147499408520166e-06,Line_Cut
0.0020092414049072355,0.006275151992396566,0.00014585478110802798,4.015777406021531e-06,Line_Cut
0.0019979243557298964,0.006872241492084237,9.008050997358543e-05,3.983587232941621e-06,Line_Cut
0.0020154555766365313,0.006014073813314329,5.868232790759331e-05,4.058617565786639e-06,Line_Cut
0.002002176618342628,0.007091836795694686,9.697323443441158e-05,3.999307402841251e-06,Line_Cut
0.0019934757121765,0.006276257938437061,1.9705732314557026e-05,3.973557099151551e-06,Line_Cut
0.00206701682432967,0.006391102395912243,1.5512143236988863e-05,4.272317925474109e-06,Line_Cut
0.002001638787354602,0.0062708517129712,-0.00012465133864388917,3.9910198788166896e-06,Line_Cut
0.0019233258552588915,0.006284418294305871,-9.114196427823834e-05,3.690875487854851e-06,Line_Cut
0.001995029531163961,0.006271696039952767,-1.5036071950774616e-06,3.980140569381696e-06,Line_Cut
0.0020566568779010457,0.006110872274213684,-5.232181413408859e-05,4.227099941183395e-06,Line_Cut
0.0020749167828680365,0.006485085828051133,3.62753549415869e-05,4.303963754451303e-06,Line_Cut
0.0020373705571942774,0.00763737677156131,-5.445606538500093e-05,4.147913324264905e-06,Line_Cut
0.002012897358756103,0.00644421983895544,2.244765825098847e-05,4.051251879526343e-06,Line_Cut
0.0020231734752077317,0.007314117870133559,2.13809733499923e-05,4.092773764762736e-06,Line_Cut
0.0020314053832316934,0.006696628578422099,1.541464796339012e-05,4.126370219650867e-06,Line_Cut
0.0019664291113841823,0.007688788476745492,-1.4511967114630853e-05,3.866632852909648e-06,Line_Cut
0.0020352813371511233,0.006457455461574827,3.621651503859531e-05,4.141058485394123e-06,Line_Cut
0.0019338135226784317,0.007276333345195692,1.1212781958637675e-05,3.7395090140147128e-06,Line_Cut
0.0019450671683404117,0.007672142015824404,2.2804493889800582e-05,3.782766244414217e-06,Line_Cut
0.0020379966692319054,0.009111639783380213,-4.8028117725319166e-05,4.151123723708102e-06,Line_Cut
0.002048175333201281,0.006777359392902512,-5.8781894732274996e-05,4.191566884385861e-06,Line_Cut
0.001987165338798775,0.0076800372711305735,0.00014798569571676485,3.926926317586476e-06,Line_Cut
0.001998659885547902,0.007263072018219844,0.00010736956411947662,3.983113114799145e-06,Line_Cut
0.0020132648269847154,0.006950581106113218,-3.828438732813793e-05,4.051769569260704e-06,Line_Cut
0.002050371769543404,0.00789521633022229,3.5086467274389635e-05,4.202793333154753e-06,Line_Cut
0.002009035299253459,0.006293317593847407,-5.868729247412384e-05,4.032778635348492e-06,Line_Cut
0.0019357813724902274,0.007295754427551012,7.152217966069147e-05,3.742134099896732e-06,Line_Cut
0.002003960824720863,0.007179696070172019,3.4442495597607706e-06,4.015847124160893e-06,Line_Cut
0.002013755946370458,0.007809406961073434,9.0009712815249e-05,4.047111263141296e-06,Line_Cut
0.002042617333522924,0.006612397524521853,4.383532609802173e-06,4.17226635585016e-06,Line_Cut
0.0020495593201229744,0.006770047377841848,-1.5948152303452602e-05,4.200439063141055e-06,Line_Cut
0.0020396367642060024,0.006898819514733925,5.8531550119683665e-05,4.1566921875413185e-06,Line_Cut
0.0020133207181844523,0.006477238681040255,5.776693880396771e-05,4.050123295051977e-06,Line_Cut
0.0020184709177885458,0.006264218492352214,-1.4209360475946799e-05,4.074022940032999e-06,Line_Cut
0.001939555081429321,0.0057136494156306665,1.7368494274442092e-05,3.7615722493049384e-06,Line_Cut
0.001955645865966588,0.007386489914580936,-1.3251676750882444e-05,3.824375146135497e-06,Line_Cut
0.0019656711798379935,0.005886011604477597,-2.4333058976877868e-05,3.863271089486516e-06,Line_Cut
0.0019671139088687935,0.006192692736543289,-3.689086817622325e-05,3.8681761943102685e-06,Line_Cut
0.001956666111182369,0.00727969818885291,-8.60885521616091e-05,3.821131031836253e-06,Line_Cut
0.0019755537573980927,0.006577078316430574,-2.1522815329579393e-05,3.90234941679001e-06,Line_Cut
0.0019785381182783933,0.0063411280763752565,-2.172646448098052e-05,3.914141046221762e-06,Line_Cut
0.0020306738437744012,0.007647158254479463,4.46812651281467e-05,4.12163984433605e-06,Line_Cut
0.0020189761670842267,0.006394941514410929,7.36156594584227e-05,4.070845497936617e-06,Line_Cut
0.0020281807128799075,0.006575842873773225,-4.5404893616571874e-05,4.111455399733717e-06,Line_Cut
0.0020155100057523954,0.006317747043793721,-9.851134627586183e-05,4.052576097942939e-06,Line_Cut
0.001982104346869312,0.007045131752949221,1.305321777375329e-06,3.92873593801328e-06,Line_Cut
0.002044760536389688,0.007970521230176412,-0.00011145092492358931,4.168624342510319e-06,Line_Cut
0.0019694763164539724,0.006939326270366053,5.028445259402405e-06,3.8788116758113815e-06,Line_Cut
0.0019131156539820171,0.006510871660677086,-6.189453750976036e-05,3.6561805717374944e-06,Line_Cut
0.0019678720888650744,0.0062119174804923065,-3.5979301455368964e-05,3.871226048000976e-06,Line_Cut
0.0020087825782431315,0.006781480734890499,0.00014622325499509097,4.0138262063517635e-06,Line_Cut
0.001981537299340922,0.006370635163009964,1.630863518477063e-06,3.9264874089635e-06,Line_Cut
0.001954030129355523,0.006786962238272938,-5.836913563303922e-05,3.814826790434614e-06,Line_Cut
0.002044464258697144,0.006627440906935615,5.02222934198352e-05,4.177311826333715e-06,Line_Cut
0.0020109124100955744,0.006887867225195207,-4.9884687133237745e-05,4.0412802390660116e-06,Line_Cut
0.0019825993732699057,0.007697025661334264,4.8382347434888204e-05,3.928359423346913e-06,Line_Cut
0.001980669655295716,0.006859587210844087,-1.263966573771199e-05,3.922892522259289e-06,Line_Cut
0.0019344253696818628,0.006277963985930777,-0.00011412031173553311,3.7289780653181966e-06,Line_Cut
0.0020103468561174067,0.006256466791687643,1.1510793225195299e-05,4.041361983540466e-06,Line_Cut
0.002000873129649703,0.007373579807461784,6.858681260817928e-05,3.998789130090448e-06,Line_Cut
0.002094519265803,0.006930360954914166,-1.975249080771086e-06,4.387007053211005e-06,Line_Cut
0.0020113603950450976,0.007695409917099214,4.787454593704414e-05,4.0432786666072915e-06,Line_Cut
0.001987142161366644,0.007160991432703669,-7.136222752495256e-05,3.943641401963575e-06,Line_Cut
0.0019774818897001726,0.007288282255587722,3.194462162617985e-05,3.909414165241325e-06,Line_Cut
0.00196036483044067,0.006136645299223367,-0.0001484293954805803,3.820998982985944e-06,Line_Cut
0.002054198115043687,0.007297202342090295,-5.631979008467627e-05,4.2165579770938546e-06,Line_Cut
0.001958916008917254,0.006665246118790915,-9.201958124215801e-07,3.83735108323197e-06,Line_Cut
0.0019978950513489663,0.006862593092435214,-0.00020721867160854315,3.948645058341479e-06,Line_Cut
0.0021032663295729287,0.006995610090854126,5.983227390358685e-05,4.420149352114707e-06,Line_Cut
0.0019947888944185856,0.007533672450234358,-6.954421387732523e-05,3.974346335611908e-06,Line_Cut
0.0020604572572837216,0.007319140480393039,7.762729521683747e-05,4.239458112130476e-06,Line_Cut
0.0019407621650364933,0.0062359562276542695,2.2271654738855533e-05,3.76606175463233e-06,Line_Cut
0.002043659705326947,0.0057567996917776715,5.240508337199906e-05,4.173798698413799e-06,Line_Cut
0.002032699517961329,0.007083483401506229,0.00012156255529524791,4.11708987547031e-06,Line_Cut
0.002092840645863034,0.006624740599469502,-3.3181730555842004e-05,4.37888094173372e-06,Line_Cut
0.0019218369387733985,0.006647058396947203,2.34938368316412e-05,3.6929052588648364e-06,Line_Cut
0.0020111078391347533,0.00622565037501877,9.333790201918068e-05,4.035842776675915e-06,Line_Cut
0.0020336398686619543,0.005806929167279539,-5.791223643307471e-05,4.13233728828273e-06,Line_Cut
0.001979477205104686,0.006458562911613332,-5.047322636068276e-05,3.915782458949803e-06,Line_Cut
0.0019988969940851324,0.0071511898897593275,-6.216263226782286e-05,3.991725000112114e-06,Line_Cut
0.0020885824351404825,0.006477683419317176,-5.145848558900598e-05,4.359528612638232e-06,Line_Cut
0.0020085677683825687,0.005834354330988081,-4.5625087793779616e-05,4.032262831549143e-06,Line_Cut
0.0020761092079893484,0.006281670858511178,-6.195556243451908e-05,4.306390951781581e-06,Line_Cut
0.0020617127230737227,0.008269808939232678,8.24526843953945e-05,4.243860907320059e-06,Line_Cut
0.0020716245716378948,0.007591629194625708,-2.2289895154002823e-06,4.291623397419629e-06,Line_Cut
0.39777207248375335,0.5873825623915592,-2.047615976394468e-06,0.1582226216438276,Overload
0.5657477946362585,0.8280342769969763,0.0002872588720035978,0.32007048461813065,Overload
0.36657425190809345,0.5443300302498743,0.0002024183688558947,0.13437664118878234,Overload
0.45842460744419844,0.6719292945110121,0.0001276814519851921,0.2101531044078143,Overload
0.5481238800651211,0.803507406108368,6.003625362471055e-05,0.30043978429329155,Overload
0.5385312784048034,0.7848358366138521,0.0004345525035877609,0.29001574898443355,Overload
0.4073380754456736,0.606867088116873,0.00011529835328357251,0.16592429441407497,Overload
0.423282690092277,0.6205744496725482,0.000244833864655182,0.1791681757881333,Overload
0.5701018026634023,0.8292423380230514,-4.53582603863989e-06,0.3250160653794871,Overload
0.4940616066341796,0.7248605507356969,-0.00019003866457864405,0.24409683503525276,Overload
0.5038986017806897,0.7324810324800473,1.4238776580579593e-05,0.2539138006737913,Overload
0.400149066903816,0.5849505050864818,-7.973756377321428e-05,0.1601192693859155,Overload
0.4977810192440448,0.7213934349702268,0.00036186331862651013,0.24778581217457873,Overload
0.459561477722495,0.6809900148890439,-0.000513690032764432,0.21119648792903353,Overload
0.5576127527298216,0.8162593026129217,0.0003624153966057713,0.31093185066200946,Overload
0.5058235722841532,0.7476918416338592,0.00021547941888518096,0.25585743984692194,Overload
0.448167710355238,0.6575339844723332,0.00030167903764689543,0.20085420559481476,Overload
0.44440445944878754,0.652414073310433,-0.00035435387871216137,0.1974951980112977,Overload
0.6101201518172884,0.8873167236910455,-6.379672124438062e-05,0.37224659558352935,Overload
0.583654871192975,0.8428420808606866,-0.00046046737964999405,0.34065279663708053,Overload
0.610383854048646,0.8834849037034886,1.9319666275957826e-05,0.37256844891002927,Overload
0.5662221192541884,0.8277046242198962,0.00024037804254678852,0.3206074305511011,Overload
0.37216454442749275,0.5448605724608868,-0.00036327983650796147,0.1385063161566836,Overload
0.5463905941402922,0.793697042365037,1.5064563445220002e-05,0.2985426811380405,Overload
0.4823906880116882,0.7126614861447295,0.00060874815612599,0.23270040530607236,Overload
0.38431846127169317,0.5720516550116737,4.822356441268605e-05,0.14770067734872977,Overload
0.5873041358146212,0.8556835507338874,6.926979604337769e-05,0.3449261431466543,Overload
0.4411439172716291,0.6447014670023017,-6.210327119394599e-05,0.19460795188894162,Overload
0.5072133593768637,0.7449968307329948,-5.1795409129619555e-05,0.2572653892475992,Overload
0.5829733943881207,0.8530122413258984,2.2635527758576135e-05,0.33985797805204027,Overload
0.39236919018376015,0.5764300551694851,-0.00026132288012517747,0.1539535131158121,Overload
0.38581777539885287,0.5713371126420497,0.00032985322420743855,0.14885524701057018,Overload
0.4827978010526231,0.7096152346091739,0.0001186905777939451,0.233093702613795,Overload
0.399342892880105,0.5909006587423276,-0.0007697288422873428,0.1594741536113604,Overload
0.587957690115503,0.8617673722288672,-0.00015179045335345177,0.34569422232561614,Overload
0.4426247201848388,0.6519358466417191,-0.00016552174826514965,0.19591661552125766,Overload
0.5944860900423765,0.8608469483975889,0.00018587979994003767,0.3534136767025726,Overload
0.602393482360299,0.8742328352923756,-0.00018228501425233913,0.3628778743623415,Overload
0.37356754008454957,0.5521607629825349,-0.0006785808475454232,0.13955224653285492,Overload
0.5078474716377718,0.742480613507315,0.0003454853941348284,0.25790893508871976,Overload
0.42169741833482577,0.6202989665648097,-7.013011619365139e-05,0.17782870771202383,Overload
0.5781968248654135,0.8423575071685252,-0.00037374342029599815,0.3343114286003014,Overload
0.5754911904855842,0.8327845150548305,-0.0003425867492376704,0.3311899929608342,Overload
0.6112298465854927,0.8918197664509159,-0.00013116524725511792,0.3736019081526029,Overload
0.3546349702063706,0.5247011764244773,0.00017078254946662687,0.12576593292659413,Overload
0.5072672860282069,0.7386898707443001,-0.0004041922940388767,0.2573199361030122,Overload
0.5983750354176868,0.874793351438233,-0.00014594416138763932,0.3580526617114196,Overload
0.47426544991826863,0.693967741704224,9.32251556704473e-05,0.22492770829524814,Overload
0.46971187131668213,0.6889621274753428,0.00013899099717010866,0.2206292227373221,Overload
0.354065509738923,0.5271719808676941,0.00036826268570433815,0.1253622495692777,Overload
0.6113801661651443,0.8820916848508914,-0.0006226256928798905,0.3737853199173661,Overload
0.6177521790521003,0.8937456701354378,-8.988280349345956e-06,0.38161775464282904,Overload
0.4738586545734782,0.693811989601482,0.0002921485805556998,0.2245419391633938,Overload
0.37134325057076617,0.5491021399869671,0.0006430528961951492,0.13789539622743552,Overload
0.5554514266669093,0.8117272372824894,0.000334904086104046,0.3085261752255581,Overload
0.40568664367294677,0.5997130365001103,8.465871747684206e-05,0.16458164568752204,Overload
0.3708630543766676,0.5473164803258602,-0.0003652467983493606,0.1375392716963674,Overload
0.5645194238216427,0.8251050769152789,-0.0005574360650163328,0.31868186913695284,Overload
0.5836667080025963,0.8457091529901452,-0.00010015585187463394,0.3406668159993934,Overload
0.5356238901647311,0.7760374741566638,-0.0008396073675825186,0.2868922467746682,Overload
0.39122969539016866,0.574508551586126,-0.00018900916467397378,0.15306063883061985,Overload
0.546222541113025,0.800873532104761,-8.854657371245134e-05,0.29835905657947465,Overload
0.4764855408271802,0.695650896747031,-0.000187798755187492,0.22703843534899792,Overload
0.6067923811699935,0.888375301943073,-0.00018721615135139792,0.3681969587960633,Overload
0.4153924575086846,0.6178697313093011,-5.620138879227987e-05,0.17255089059650822,Overload
0.5694794296320315,0.8301023307832638,0.00042929380003050975,0.32430663648085717,Overload
0.48756948429183167,0.7163321983531964,0.0007433020266235708,0.2377234495146999,Overload
0.5300571430346716,0.7737323822728426,0.00022984418815392928,0.28096052205372746,Overload
0.4960664601630327,0.7202356575448443,0.0005970277360917726,0.24608157645656406,Overload
0.573806513550348,0.848958144541175,-0.00022576565864873422,0.3292538640226731,Overload
0.46530732701295835,0.6762226702436818,-0.0003140999468004393,0.21651080991316757,Overload
0.36585980743453334,0.5395768848222315,2.6140834220379492e-05,0.13385339801269064,Overload
0.45881569508722386,0.6729554785359793,0.0002270289572949522,0.21051179051622496,Overload
0.49354956436434316,0.7208527046487955,-2.4215101425764107e-05,0.2435911718978618,Overload
0.5264178406343458,0.770933697010288,-0.0005018909585821407,0.2771154910435933,Overload
0.3896527444351515,0.5745184124234954,-8.402248593946604e-05,0.15182925418606738,Overload
0.6093626413821084,0.8833595714371179,-0.00012276574508531945,0.37132281364075176,Overload
0.4873843265527823,0.7064588446492289,0.0004557835120822518,0.23754327403069925,Overload
0.40280620699867126,0.5916441997612898,-0.0001865548410367708,0.16225280559394764,Overload
0.4571877560084164,0.6761722995306798,5.514280420920103e-05,0.20902064120328245,Overload
0.4334565983414926,0.6358125441009217,1.0520240910879996e-05,0.1878846225351026,Overload
0.46204224344404377,0.6741700523818032,-0.00041728511768871624,0.21348286059993557,Overload
0.615103665993924,0.8953404199082229,-0.0002782299090756859,0.3783524425072825,Overload
0.5098991883362084,0.7455985044820762,0.0001914230401281074,0.25999714562314385,Overload
0.4932739812301616,0.7182380931700533,0.0006686670963726154,0.24331877344296798,Overload
0.5361288236031623,0.7835132781415457,-0.00015728571145832458,0.2874340907593156,Overload
0.49727833312471953,0.7277904885935931,0.00013197435034805393,0.24728572317807032,Overload
0.4347490595877014,0.6429366640626678,0.00035374680726671983,0.18900661967558707,Overload
0.44248222362001655,0.6504664237782913,0.00022388591596659912,0.19579046809481093,Overload
0.5004711927900656,0.7345339707498962,0.00016270477469934908,0.2504713883398673,Overload
0.557225878528036,0.8054856449562103,0.00029031345713137745,0.31050059541943814,Overload
0.5881161135507172,0.8513033711767924,0.00017437563149948887,0.3458805326111393,Overload
0.4596249524618165,0.6787092841993029,-0.000224318414275565,0.21125504660677616,Overload
0.396865044719968,0.5844705427380874,-7.394782142158318e-05,0.15750185825230192,Overload
0.3980941729962649,0.5824262221818948,0.00055435331168041,0.1584786632659859,Overload
0.5502158864028011,0.8014090870524744,-0.00028181541267814316,0.30273744223009325,Overload
0.5113851636999587,0.7426376573254798,-0.00029705531624017967,0.2615146974105727,Overload
0.5804199990915772,0.845578832307039,8.12415526720125e-05,0.3368873687452766,Overload
0.551776422521179,0.8042571296432786,7.522696349856517e-05,0.3044572147911746,Overload
0.4651492810513783,0.6818835704636742,-0.0006277774084216272,0.2163634595581396,Overload
0.548934029873423,0.8044377831031977,-0.00018433666960179006,0.3013285351730683,Overload
0.3806338857587076,0.5716307263833559,6.126082570836333e-05,0.14488215123488413,Overload
0.5199416698610649,0.7525355193697939,-0.00030922296746753865,0.270339244439069,Overload
0.45355907461387057,0.6641013251315677,-5.339288543695098e-05,0.20571583131379037,Overload
0.44454098717439017,0.6586622665097956,0.0001729667210689636,0.19761665936049475,Overload
0.4364971037695562,0.6467611847679219,0.00035663085719140676,0.19052959441364242,Overload
0.514857447074481,0.7521457740166048,-9.881597183264934e-05,0.26507818104345576,Overload
0.40887828034369683,0.6055228270141867,6.55162135937104e-06,0.16718144809389496,Overload
0.5041586255460938,0.741367568780282,-0.00010299961343165421,0.25417590910360616,Overload
0.5758527447172551,0.83839614396531,6.425359074396476e-05,0.3316063794698723,Overload
0.47446061462776146,0.6992347973851553,0.0004822313264686646,0.22511264228590097,Overload
0.5067205104783103,0.7428959508037466,-0.0003751606657466511,0.25676553499387433,Overload
0.3573330080152648,0.5260638025431797,-6.713234034848337e-05,0.12768687411048618,Overload
0.35743207594147175,0.5245109139129969,-6.827227481429299e-05,0.1277576842507265,Overload
0.6182685226320269,0.9001950615266933,-0.00016636539575981012,0.38225593840014427,Overload
0.5931623913965786,0.8674053577397983,-0.0003966150198328733,0.3518414652638338,Overload
0.4109024287848425,0.6015687248019174,0.0002639364658144665,0.16884073631882454,Overload
0.505641078521678,0.7398148127038388,0.0003570328277056103,0.2556727728161256,Overload
0.42955860846016325,0.6275015204184424,-0.0004951227283160786,0.18452035295571573,Overload
0.3746148481459085,0.5535688638117693,0.0004000091529894636,0.14033612444405966,Overload
0.42011331515151956,0.6162730907101392,0.0006406604167872469,0.17649478712183037,Overload
0.4461321557407028,0.6536764964742063,-0.0005835556346914319,0.19903355984866794,Overload
0.5826941980601166,0.8576128177298026,-0.00024742417989705466,0.33953246723419767,Overload
0.367943337146802,0.5463298919121211,-0.0002960179703262935,0.13538221172408643,Overload
0.6105485856630471,0.8886450307304585,3.8096305623931405e-05,0.37276957400381877,Overload
0.6108184295477707,0.8864341696707262,4.6817891836665735e-06,0.37309915385328574,Overload
0.48658807391456155,0.7105059673108649,-0.00010900283937047694,0.23676794179426383,Overload
0.37713709763358627,0.5646373557774801,0.000495518670413228,0.14223214487273247,Overload
0.6072384451017895,0.8809874796740647,-0.0001312222738609554,0.36873851199035385,Overload
0.36598784245533683,0.545905028905424,0.00047017364742044766,0.1339468797618537,Overload
0.5947941855380148,0.8673608479517776,0.00016034906849499465,0.3537800974380066,Overload
0.3673788680542192,0.5413736564283148,-0.0003280589475646598,0.13496712507012634,Overload
0.451796026181358,0.661100322029437,8.427415450999676e-05,0.2041196421711332,Overload
0.3829776536076155,0.5690954839581261,0.00039143772471652015,0.1466717299393024,Overload
0.5244519715329102,0.7653827751836166,0.0002475370071190768,0.2750498091701866,Overload
0.49359607638243663,0.7327444489682643,-0.00018774593556303553,0.2436370513715999,Overload
0.5248783301311989,0.7613436971529521,0.0008311091594415498,0.2754965706988809,Overload
0.6098659920658119,0.8816723737787665,-0.00027379321719618144,0.3719364533156912,Overload
0.5576972544393474,0.8176536753617215,-2.0110651796269697e-05,0.3110262272047479,Overload
0.5080880788004839,0.7370775565843047,-0.00042135018592749993,0.25815331828318755,Overload
0.4083086337738074,0.6118482579785863,-0.0006363235904146653,0.16671553550652143,Overload
0.5180504798496789,0.7671153915752535,-0.00015894837765910452,0.26837627440789585,Overload
0.4688185864554819,0.6897572977690084,0.0002468854876052928,0.21979080605367218,Overload
0.4486391713874504,0.6609724763113835,0.0004084230507943345,0.20127693929382967,Overload
0.47104989667824626,0.6926414263982602,0.00024661479220631176,0.22188794434173073,Overload
0.40996601757451817,0.604100188787739,8.256574207670142e-05,0.1680721287488084,Overload
0.4269481970324147,0.6288022148180455,-0.00032816020997072703,0.1822846552601062,Overload
0.41374522295502275,0.6199122770087635,-0.0005311854691769809,0.17118482736009882,Overload
0.6064385949991119,0.8835088726227268,0.0001449578643152054,0.36776774849171456,Overload
0.43254089483893715,0.6330486484136886,0.000323308671243953,0.18709152117957156,Overload
0.3828844455726935,0.5629546635523607,0.00017982605401499697,0.1466004663240992,Overload
0.38160617599113783,0.5655866700562421,0.0005065542634869691,0.14562301695735744,Overload
0.37405349086239675,0.5537816912462145,0.0002221805289770513,0.13991596466215764,Overload
0.6039803330693155,0.8805310883243246,0.0001484156560880867,0.3647922207073143,Overload
0.3613860677367196,0.534446555112689,5.5570879814158314e-05,0.13059988686608626,Overload
0.39599728386305233,0.5852632283836495,0.0002693960599556442,0.1568137762526777,Overload
0.6067993796301009,0.8772288910355446,0.00024109833538483506,0.368205428991068,Overload
0.44365159562899,0.6497413311966637,-0.00018251011468294154,0.19682670499420687,Overload
0.42550342002659985,0.6273808491892892,-0.0002909839510276162,0.18105307578267332,Overload
0.46456197372821284,0.6853752701497307,7.444101344578535e-05,0.2158178218927882,Overload
0.5394721518845642,0.7887367279918186,2.3900205631477433e-07,0.2910302026589053,Overload
0.586025545431724,0.852825966740153,-9.559800004269103e-05,0.3434259307595721,Overload
0.3805376427635509,0.5617932208629618,0.00010591970788053429,0.14480888634105535,Overload
0.4992508144252508,0.7344259833543997,9.130793692351346e-05,0.2492513673671369,Overload
0.5615692874083854,0.8189570774318651,-2.004952069033572e-05,0.3153600641583786,Overload
0.40493687029649195,0.5991818194356374,0.0007723301825019923,0.16397327243160711,Overload
0.4958674344068963,0.7237516025848251,0.00018139697618784644,0.24588447960041457,Overload
0.37344420231979514,0.5478305227929624,-0.0002920786804505782,0.13946048693631252,Overload
0.42558908994962413,0.6296525875502824,0.00023234725096549292,0.18112601949890425,Overload
0.5521410627199423,0.8118897444065599,-7.510540200335925e-05,0.3048597475006858,Overload
0.3635170599760471,0.5364730296615965,1.319909168655431e-05,0.13214465271941297,Overload
0.4921875745202434,0.7116611920941777,-1.1116846118642388e-05,0.24224860838853587,Overload
0.5526512503286463,0.8021314984834227,-0.00028492583703736997,0.30542332330708344,Overload
0.5647230042233453,0.8254642304075668,0.0004071740329779239,0.31891190570834743,Overload
0.5122253709555867,0.7467074994266403,-4.574343563424788e-05,0.2623748285581266,Overload
0.5069738652677187,0.740604061925943,-0.00042932079249257706,0.25702231574814804,Overload
0.3685422227821119,0.5396075308877373,0.00015522955369387526,0.13582334587696546,Overload
0.4186055971783893,0.6254870151434743,-0.00027630162678976555,0.17523056964648695,Overload
0.5952633478110277,0.8639916651630114,0.00012204033868551667,0.3543384383533483,Overload
0.36101163494989896,0.5318250967733994,0.0001519208267628167,0.13032937748926154,Overload
0.5914950678728352,0.8614923848043808,-4.3530185378509945e-05,0.3498664134230129,Overload
0.36046658253060354,0.5419068955213249,4.596481175708344e-05,0.1299361550085285,Overload
0.4390553270900728,0.6416076268690005,-0.00020926716711538762,0.19276953645342354,Overload
0.4685640941013827,0.6870860131502162,0.0002507477831564833,0.2195522474065987,Overload
0.5560272572675009,0.8092409428767466,0.0002842414421475785,0.30916623003122223,Overload
0.5886249996296354,0.8471761729869258,0.00032423066380691477,0.34647928506346487,Overload
0.6031216316130714,0.8732440342440403,-0.000329892797010666,0.3637555936903558,Overload
0.6086081859585319,0.8861608953357539,7.651308416883617e-05,0.37040391816148294,Overload
0.6064699888436658,0.8800549181738316,-0.00019036828287361508,0.3678058111279529,Overload
0.44492415682866393,0.6613001434756834,-0.0006763937252352359,0.197957047821226,Overload
0.5131969321340413,0.7509381964901912,0.0005024915842029237,0.2633708386539996,Overload
0.4845562179393212,0.7020827223631448,0.00014924587399669863,0.23479470606932804,Overload
0.4911360313777036,0.7199264171569001,-8.567443788131635e-05,0.24121459397733136,Overload
0.5974664498375419,0.8687356425173972,0.0003334293086494493,0.35696604750637223,Overload
0.5754807190862383,0.8391091704316118,0.0004067832005024887,0.33117789256744173,Overload
0.46646270776358073,0.6853169703668914,0.00016794731342528513,0.2175874295278316,Overload
0.5504671607522283,0.8019520104091541,-0.00016335455667703912,0.30301406838190836,Overload
0.5481954797245451,0.7987133862010133,-0.00026018320285870855,0.30051821629512515,Overload
0.5807871974827145,0.8441641667929117,0.00035544094036821927,0.3373136424215634,Overload
0.6111811666522993,0.9005405063734511,-0.0002719486259610004,0.37354234451441043,Overload
2.9848732105427396,4.250665962772,0.000175990749337112,8.90946805204298,Short_Circuit
2.945199236368957,4.190785104496037,8.867238086909879e-05,8.674198534045498,Short_Circuit
2.471115606462767,3.523688649484877,0.0004229927785377114,6.106412161580957,Short_Circuit
2.127699149177393,3.0383904168357785,8.20138696696926e-05,4.5271036626839285,Short_Circuit
2.4646502659103757,3.5126464465726523,0.00017967984051577802,6.074500900967241,Short_Circuit
2.7485055792096946,3.9106275138144135,-0.00030434706577244517,7.5542828263196835,Short_Circuit
2.388810057770528,3.404171339245745,0.000257616566197898,5.706413425739337,Short_Circuit
2.9134048913273882,4.145347786093954,-0.00011220497765920889,8.487928048220393,Short_Circuit
3.309855553497748,4.711851443992825,-2.5395116801064433e-05,10.95514378437497,Short_Circuit
2.597280019485874,3.7016773497204767,-0.0005672191813913514,6.745863177882943,Short_Circuit
2.564311142143169,3.6487259616378123,0.00030675464323170055,6.575691539621192,Short_Circuit
2.8026169804960634,3.9873922251390215,-0.00014600782872945927,7.8546619180465855,Short_Circuit
1.93627973953468,2.7604459218051494,-0.00017904174684877817,3.7491791976765407,Short_Circuit
2.6265227083620175,3.7396612471802837,-0.00020344142639893193,6.898621496152933,Short_Circuit
3.255130427285663,4.626092998846025,0.00030229826381611424,10.595874007256704,Short_Circuit
2.3462381874906715,3.3380403306882704,0.0003482243725426599,5.5048335111792985,Short_Circuit
3.1374742315251205,4.460344533243525,-0.000182674245201623,9.843744520114267,Short_Circuit
3.38012465096575,4.814608978213673,0.0003793159125853425,11.425242512185774,Short_Circuit
1.834320027531789,2.6194341673290844,-3.885999165986487e-05,3.364729961894125,Short_Circuit
3.488811262091773,4.957160745057024,0.0005099300150510597,12.171803762469768,Short_Circuit
3.3082517000010254,4.70034569607428,0.000200953106031319,10.944529270177524,Short_Circuit
3.031971848587347,4.309201467726572,0.0006647833083138685,9.192852848689327,Short_Circuit
3.354348481470699,4.767704962160813,0.0001712587528252687,11.251653705815226,Short_Circuit
2.1636214714470388,3.0882232970587267,-0.000244358479377782,4.681257811995583,Short_Circuit
1.925025745237846,2.747379462961276,7.694217130756176e-05,3.705724113908427,Short_Circuit
3.005124098101119,4.274543869051224,-0.0002731209127931287,9.030770770393033,Short_Circuit
2.3802581829588707,3.3920145487578175,-0.0006647945800750037,5.66562857559083,Short_Circuit
1.9463704794694576,2.7830089840065297,0.00016533514059621535,3.7883580160144574,Short_Circuit
1.8197154655051042,2.593218252049017,7.172866212937557e-05,3.311364370253457,Short_Circuit
3.0093497309873345,4.286206620121041,4.752285642300613e-05,9.056185801135118,Short_Circuit
2.2209611537242293,3.173928874082471,4.313131829755079e-05,4.932668444491748,Short_Circuit
3.0799005761182356,4.38182293945846,-9.625860427452438e-05,9.485787549507721,Short_Circuit
3.163364609762603,4.491693909712231,0.0002164211604264299,10.006875607460389,Short_Circuit
3.4180717827441964,4.8553912237370165,0.00026342979595071905,11.68321464259683,Short_Circuit
2.7038593098802837,3.85159086163282,0.0005214013878692291,7.310854895766876,Short_Circuit
2.4945256549182706,3.559049700439282,-0.00018603459088386743,6.222658208436558,Short_Circuit
1.8243656171308111,2.5990523894843762,-2.9870908474484815e-05,3.3283099040768143,Short_Circuit
3.4004403567544577,4.832003868298021,-9.322393253183136e-05,11.562994611153682,Short_Circuit
2.0378657845062147,2.9161798339945495,-0.000583441721741127,4.1528966152568865,Short_Circuit
2.4119733394277802,3.437589982902171,-0.00016241352813512578,5.8176153637322425,Short_Circuit
3.388633139056473,4.823694568575194,5.3668255634207184e-05,11.482834548231445,Short_Circuit
2.269822684784919,3.235580719957918,5.718841457486512e-05,5.152095017093702,Short_Circuit
2.615162779207173,3.7198282229839887,8.087452598320332e-05,6.8390763552098965,Short_Circuit
1.9679926598625221,2.8043389665654033,-0.0002791443645727245,3.872995031351189,Short_Circuit
3.121391691579553,4.436842349122452,0.00020107713837434814,9.743086051829847,Short_Circuit
2.934990325673217,4.175634511205594,-0.00027795315666453925,8.614168134537417,Short_Circuit
3.269692771501883,4.646716898856489,-0.00018059476133566754,10.690890787397194,Short_Circuit
1.7974253411986736,2.576790217858946,0.0001565873803875153,3.23073783266356,Short_Circuit
2.6736184483446794,3.805240782795699,0.0001905633140364067,7.148235571014635,Short_Circuit
2.1432751582832132,3.0484465380476915,-0.0005204160898254724,4.593628133281027,Short_Circuit
2.3610978297254546,3.359808387385882,-0.00020076830090750696,5.574782921226341,Short_Circuit
2.660116469017481,3.783532733846951,0.0001519064653467499,7.0762196056624544,Short_Circuit
1.9760996144904739,2.8177374691864316,0.00019037517351277612,3.904969650146693,Short_Circuit
2.5484390934483376,3.6274378666928686,-0.00021878543881501323,6.494541765148716,Short_Circuit
2.326217644541151,3.3155419829972725,0.00023296318726963072,5.411288475502733,Short_Circuit
2.465400439142702,3.516140460922828,5.409262392713465e-05,6.078199322399016,Short_Circuit
2.5780764895183004,3.6707757715439837,-5.89135229278881e-06,6.646478385772294,Short_Circuit
2.6137029505611387,3.717203079511069,0.00018196532206116346,6.831443080660625,Short_Circuit
2.9247838453974726,4.158146873976006,-0.00014032010091091784,8.554360522608295,Short_Circuit
3.1539064999157063,4.47989853374857,-0.00031226563111748894,9.947126112700715,Short_Circuit
2.5429463479578542,3.6160404687662746,-0.00028057775123252606,6.466576049868313,Short_Circuit
2.8736551134173265,4.0880966200128,0.00031668964545055546,8.257893610577216,Short_Circuit
2.200175591699743,3.1374873373156578,0.0005951509076477137,4.840772280106712,Short_Circuit
1.7833685931408658,2.5552892670906164,-3.213762150380184e-05,3.180403537968404,Short_Circuit
2.374690721721091,3.3940944413443765,0.0005989843332793505,5.639155665046006,Short_Circuit
2.5766809475816057,3.67070767784052,-5.877038789805411e-05,6.639284702176082,Short_Circuit
2.556355104954991,3.6331207393576617,3.6892301145590166e-05,6.534951421268401,Short_Circuit
2.18679153068966,3.117453377270798,0.0003777185166245971,4.782057056024748,Short_Circuit
2.985659222716939,4.241566628251674,0.00024576409266571455,8.91416093379473,Short_Circuit
3.1583232443038525,4.494307185492296,-0.0003010403945731728,9.975005624884693,Short_Circuit
2.737133693147189,3.8925493748494935,-8.305143048964326e-05,7.491900847264029,Short_Circuit
1.867685009990718,2.667815071230602,0.000555653704999238,3.488246987792989,Short_Circuit
1.9612686613162864,2.7942726962049034,0.0004813743329097697,3.8465745301401286,Short_Circuit
3.3684794029415217,4.794980806827324,0.00017292035213600877,11.34665345813982,Short_Circuit
2.8019006901086776,3.9837823821220555,-0.0003679872310571799,7.850647341816881,Short_Circuit
2.0243442806677594,2.885998301334945,0.00028107149611048676,4.097969687671083,Short_Circuit
2.8895198147517336,4.109111752214388,-8.26649711728038e-05,8.349324753009398,Short_Circuit
2.0390143105143124,2.9100180043503907,1.5157236318158241e-05,4.157579358252416,Short_Circuit
1.921034593443892,2.7397683698356006,-8.63067613623576e-05,3.690373901759282,Short_Circuit
2.1167652938752037,3.0184555190454776,-0.0002476050885114312,4.480695248046299,Short_Circuit
2.300284491141312,3.281342123974839,-0.0002203354340893515,5.291308691637542,Short_Circuit
3.081804735263716,4.387597652855027,0.0004128775947500767,9.497520255825954,Short_Circuit
1.9330599027073196,2.7572172494992895,0.0005072223581882796,3.736720330180311,Short_Circuit
2.808636278944428,3.9943090103540406,-0.00021274777222643593,7.888437702141188,Short_Circuit
2.276059160190977,3.2484160297683973,0.00012280505809086507,5.180445285608172,Short_Circuit
2.7346907810682266,3.891178310679562,-0.000686049122551216,7.478533197396148,Short_Circuit
2.2118878668230955,3.143906648305437,0.0006502760072014677,4.892447512540339,Short_Circuit
3.4965423113009257,4.968695684895213,0.0003213587738811743,12.225808031446157,Short_Circuit
2.7344819800623807,3.8932552038439083,0.00038678811967188053,7.477391549680828,Short_Circuit
2.497292216931677,3.551485628423588,0.0002815866448784714,6.23646833745649,Short_Circuit
2.324123697354853,3.311024451715771,-5.809269739866529e-05,5.401550957231633,Short_Circuit
2.160865702789284,3.07892143196632,3.676230733751851e-05,4.669340584139558,Short_Circuit
2.079998271335839,2.9650821318955582,-0.00013112833400415446,4.3263927915654365,Short_Circuit
1.9810147525023492,2.8220404122771456,0.00021106984735306432,3.924419405081464,Short_Circuit
2.7946612876446166,3.986190591693578,-0.00011988886693158385,7.810131698286128,Short_Circuit
2.293841375093906,3.2739999629275873,0.0005591538502853819,5.261707941439674,Short_Circuit
2.867300117151882,4.07804805588273,-5.9421443820859566e-05,8.22140995828829,Short_Circuit
2.80151002650064,3.984630329507239,-0.00030230649870122584,7.848458337194395,Short_Circuit
3.292778387806231,4.6854032450676435,-0.0002149824686826971,10.84238946498634,Short_Circuit
3.3336493915663747,4.742329820852771,0.00020619969827658302,11.113218223372547,Short_Circuit
3.3514903637161697,4.7620547400118385,0.00023830198592091455,11.232487601294507,Short_Circuit
3.3586844787934136,4.781524862354891,0.0002785678398640776,11.280761350487742,Short_Circuit
1.8549024679544752,2.6478421894973505,0.00019884861268695974,3.4406631260828324,Short_Circuit
2.328257729454677,3.312954602975791,-0.0003044803785602976,5.420783962057145,Short_Circuit
2.7771910411717484,3.951057424500893,0.0002613566392037736,7.712790010857328,Short_Circuit
2.592543206913295,3.6867172797066066,-0.00023992947477146842,6.7212802221461185,Short_Circuit
1.9814839420506545,2.8204347861400203,0.0003051620189190274,3.9262785194807432,Short_Circuit
3.259221965275607,4.632594243035792,-0.0003037082383712608,10.622527726696296,Short_Circuit
2.912167205179615,4.141018320397207,-0.0002671450132799862,8.480717759557189,Short_Circuit
1.900296965212072,2.7157570126466366,-0.0004886615184490592,3.6111283172041313,Short_Circuit
2.3004370656631474,3.2789651830261923,-9.604779394267027e-05,5.292010683851693,Short_Circuit
1.9093187998299763,2.7209565155334343,-0.0001450987304649658,3.6454982583305395,Short_Circuit
2.796619560628234,3.9832333962674924,0.0005072848829297403,7.821080709550503,Short_Circuit
2.7559521887583007,3.9179946796469527,0.000620978157302865,7.5952720811077965,Short_Circuit
2.400034817745172,3.426362461832683,-9.211737392442387e-05,5.76016711790349,Short_Circuit
2.0978848492752595,2.9910055175952697,9.807194642111661e-05,4.401120831200573,Short_Circuit
3.0780329740004473,4.378837446780225,0.00021880674001829446,9.474286941157647,Short_Circuit
2.027216156726204,2.895106340061546,-0.00022368300923455387,4.109605296057674,Short_Circuit
1.9806736469000685,2.8248617036081334,7.692863846169918e-05,3.923068089606401,Short_Circuit
3.442311629990442,4.895763025742005,0.00010785405796306158,11.849509346334957,Short_Circuit
3.201058286476032,4.550476939213029,-6.742711437107829e-05,10.246774148870456,Short_Circuit
2.007781036530271,2.869474695033053,0.00011424819101889038,4.03118467759792,Short_Circuit
2.4732493156802904,3.519007513183667,-0.00013029800131065982,6.116962160535455,Short_Circuit
3.1954392211879195,4.541005942368281,-2.99216378707996e-05,10.210831815410755,Short_Circuit
2.781889140910592,3.962519024739514,6.901468220497087e-05,7.738907187553248,Short_Circuit
2.611945709987218,3.722684410909113,-0.00010715069949347722,6.822260380439359,Short_Circuit
2.99909947240496,4.261576955735135,-0.001063616132397131,8.994596514100436,Short_Circuit
3.076674090641865,4.367699157299155,4.2608392860804756e-05,9.465923458211469,Short_Circuit
3.187979528483097,4.5244993144182075,-0.0005230043371425204,10.163213200493773,Short_Circuit
1.9203265613647076,2.742425337093158,0.00024340838775212693,3.6876540430351588,Short_Circuit
3.2594782903699855,4.630130614008491,-1.1855753935829938e-06,10.624198725391837,Short_Circuit
2.26294721564211,3.2246700609746664,0.000648375857135342,5.120929680391126,Short_Circuit
3.2138954124828936,4.572531900785144,0.00042510375257322333,10.329123541665389,Short_Circuit
2.7770524325149477,3.953393358512986,0.0002431115299237021,7.712020153833971,Short_Circuit
2.8780018484578895,4.099301167180536,1.916371336711187e-05,8.282894639359784,Short_Circuit
2.121563574107924,3.031249847055669,-0.0005281455869537517,4.5010317200438275,Short_Circuit
3.2395916937230194,4.604150450487441,7.612944837478607e-05,10.494954336243488,Short_Circuit
3.4515867588480207,4.9030845535323575,-0.0004496169940617829,11.913450951699541,Short_Circuit
1.8058780042923466,2.580319175889704,-0.00017611570007545208,3.261195335370168,Short_Circuit
2.911371911500781,4.1417972195830925,8.159995930157926e-05,8.476086400417158,Short_Circuit
2.8750586678425765,4.090670444820672,-3.64105049925616e-05,8.265962342211008,Short_Circuit
2.5168412682451193,3.5805460719341435,-0.00028224952556403873,6.334489889876908,Short_Circuit
1.8744641833719191,2.6820712315271242,-0.0003498568622468916,3.513615852344331,Short_Circuit
2.3949691918715352,3.425186802082669,0.0005995914375856408,5.735877070503902,Short_Circuit
3.392233908729291,4.820494825743802,6.461590794391725e-05,11.507250887357586,Short_Circuit
2.1000914818793417,3.001138407317948,-0.0005033692598194843,4.4103839788815575,Short_Circuit
2.230946484803678,3.1824457817245357,0.00021238861736778248,4.977122172948962,Short_Circuit
3.256065405843563,4.626633821490897,-0.00014122784732965775,10.6019619071859,Short_Circuit
2.6893668127487813,3.834174041716449,-0.00034008990556781525,7.232693737853395,Short_Circuit
2.999904322251514,4.263205156573892,-0.00027418485378527714,8.99942586748598,Short_Circuit
2.0905650065161665,2.982454744319805,0.0002412541873617453,4.370461988266357,Short_Circuit
3.324954139754806,4.720998350144888,-0.0005408692467353741,11.055319738933077,Short_Circuit
3.0606728018996714,4.357873162571883,0.0005246515952427196,9.367717725029092,Short_Circuit
1.9605253583081297,2.78926758143026,0.0001220710371801106,3.8436596656678823,Short_Circuit
3.184108203240989,4.530867604172328,0.0003082055579518048,10.138544954955893,Short_Circuit
2.6276518143332925,3.746889219922525,-0.00014270814372294716,6.904554037003429,Short_Circuit
3.508713093706203,4.982034887092571,0.00017096115516630306,12.31106754471764,Short_Circuit
2.590144971692984,3.6900688736139915,5.843595899404086e-05,6.708850970971686,Short_Circuit
2.230974067017336,3.180775780787812,-0.00041874752745075307,4.977245112354382,Short_Circuit
2.9316207649379833,4.166079444977009,0.0003267844516672973,8.59440020262749,Short_Circuit
2.4849862384824366,3.5360861315918846,0.0001399995049936944,6.17515658584723,Short_Circuit
2.9534342175783204,4.197430768917825,0.00026957279089769417,8.722773604892975,Short_Circuit
3.3307029331670237,4.736119202295809,0.0004631510683237572,11.093581814498503,Short_Circuit
2.4081214102383997,3.425493941845488,-0.00013175852881367335,5.799048709088267,Short_Circuit
2.4613011717980737,3.503456036332659,0.0004690086868318133,6.0580032383254245,Short_Circuit
3.0757822856853214,4.371306124342258,-0.00015407859838012606,9.460436645195408,Short_Circuit
2.5299215902661287,3.6002057735538484,0.00019880362082099623,6.400503213371818,Short_Circuit
1.9648305723585417,2.802969823333611,-0.0005868977233525961,3.8605588336258565,Short_Circuit
2.95904682451881,4.2081225620246405,0.0006214410687587506,8.75595772350585,Short_Circuit
3.516788556659588,4.992279176115915,0.00016893730592257406,12.367801723712015,Short_Circuit
3.1044307890221656,4.415283110547252,0.00022141277299573224,9.63749047480517,Short_Circuit
2.9233479580403894,4.159786539861667,-0.00014453652059466827,8.545963262888108,Short_Circuit
2.6943655057805813,3.8302797227503556,-6.965103455289779e-07,7.259605478739762,Short_Circuit
1.8108262918168312,2.5850629436092905,2.8170057541559323e-05,3.2790918583415434,Short_Circuit
1.8601383726965866,2.651177080917365,0.0003624056377823379,3.460114634240459,Short_Circuit
2.4572300312134074,3.4985524165265125,-0.0002576131970441775,6.037979359932484,Short_Circuit
3.4646572301252787,4.9242240175465355,4.392956269443893e-05,12.003849720329562,Short_Circuit
3.1592956210785985,4.4932655227423695,-0.00011269135887579473,9.981148808667067,Short_Circuit
1.814425921995839,2.5974841605188312,-0.00041975220035821614,3.292141250218541,Short_Circuit
3.4545971298483336,4.909942231988087,-4.147999303805783e-05,11.934241327835757,Short_Circuit
3.370032740517128,4.788770088979546,4.919990894732429e-05,11.357120669736755,Short_Circuit
2.0966371028717314,2.9859328325579235,0.00027521121792993417,4.395887065397153,Short_Circuit
2.1099260193589338,3.0051116732174488,0.0003150495831008024,4.4517877079115955,Short_Circuit
2.931507722545462,4.17042880700684,0.00027761034519041593,8.593737450276178,Short_Circuit
1.8168163391182943,2.5912785236844806,0.0008006930051388083,3.3008209689779124,Short_Circuit
3.0365689525779036,4.3165204580343985,-3.3097748047126173e-05,9.220751002664603,Short_Circuit
3.3899882115773283,4.815642058101346,0.0002867936950447518,11.49201999238263,Short_Circuit
2.2212329281965144,3.1679026638325425,0.0002895354631398899,4.933875637473677,Short_Circuit
3.419198666899168,4.8524952779390915,0.0001796094708231113,11.690919491465486,Short_Circuit
1.976480492216561,2.815953848674277,-0.00048523263667153227,3.9064749006619075,Short_Circuit
1.903453771500339,2.7292680184315063,-0.0003581386680339707,3.6231361319755586,Short_Circuit
2.0004807559124664,2.8508019273057057,-0.00032694996257307365,4.001923147879834,Short_Circuit
3.5045757568367186,4.995260242017533,0.00023780040766537526,12.282051178858627,Short_Circuit
2.855016835103418,4.069874561149294,0.0002733639332762117,8.151121053996096,Short_Circuit
1.9312321515459976,2.7637769515379462,0.00015340379767877276,3.7296575996322585,Short_Circuit
2.2439406104127886,3.1952559834604086,-0.0006631543653997448,5.035269023286006,Short_Circuit
2.8127289998416214,4.0109388639818215,-0.0004086164803616441,7.911444259582619,Short_Circuit
1.8993251203890518,2.719165474541831,0.00024983561222142114,3.607435850523052,Short_Circuit
2.20684562984028,3.1458380365829033,0.00020986835292670315,4.870167589900416,Short_Circuit
2.575786272140633,3.6634431964897995,0.0003094427006034106,6.634674823993355,Short_Circuit
